image,type,link,name,text,status,skills,phone,ads,smm,category,media_ads,cost
https://sun9-21.userapi.com/c845019/v845019957/1d23cb/yG7hJ-myK3w.jpg,1,http://www.19-84.ru/?utm_source=vk&utm_medium=cpc&utm_campaign=vk_rasmeshenie_1984,19/84,"«19/84» - рекламное агентство полного цикла. Успешно разрабатываем и внедряем комплексные рекламные стратегии, ориентированные на конечный измеримый результат, будь то рост продаж, построение знания о продукте, формирование репутации, вывод нового бренда на рынок или повышение лояльности целевой аудитории к рекламируемому товару или услуге. ",Для малого бизнеса,"Недвижимость, Медицинские центры, Мероприятия",,да,да,"1, 2",,15 000
https://sun9-16.userapi.com/c850624/v850624309/59dfe/iPwZljrs1GE.jpg,1,http://2r-media.ru/,2R-Media,Агентство по интернет-маркетингу в сфере первичной недвижимости. Оказываем услуги девелоперам и риэлторским агентствам Москвы и МО.,Сертифицированное,Недвижимость,,да,да,"1, 2",нет,200 000
https://sun9-37.userapi.com/c850624/v850624309/59e1a/JQ1T3J3Qxxc.jpg,1,https://adventum.ru/,Adventum,Adventum – первое агентство в сегменте performance-marketing в России. Делаем сильных сильнее.,Сертифицированное,"Недвижимость, Банки , Страхование",,да,нет,1,,100 000
https://sun9-19.userapi.com/c858036/v858036922/5a740/gn3CjFpeP_Y.jpg,1,http://adxgroup.ru/ ,ADX digital-agency ,"Внедряем комплексную стратегию привлечения клиентов в бизнес, используя всё многообразие инструментов интернет-маркетинга.  Мы станем вашей надежной командой на аутсорсе.",,"Производства и предприятия, Медицинские учреждения, Красота и здоровье, E-commerce",,,,"1, 2",,50 000
https://sun9-69.userapi.com/c845324/v845324698/1a83d8/w4Y4AH2Buy0.jpg,1,https://www.alamics.ru/?utm_source=vk&utm_medium=partners,Alamics Digital,Комплексные решения для проектов в Digital-среде: от идеи до продвижения.,Сертифицированное,"Телеком, Автодилеры, Финансы и банки, Туризм, Образование",,да,да,"1, 2",,15 000
https://sun9-36.userapi.com/c851036/v851036965/59bb2/nT0hYlh7b94.jpg,3,https://albato.ru/,Albato,"Свяжите CRM, аналитику, коммуникации и другие системы за 5 минут.

Интегрируйте:
Свяжите между собой сложные системы, чтобы получить максимальную синергию

Автоматизируйте:
Упростите рутинную работу за счет Albato. Больше не надо делать все руками

Ускоряйте:
Бизнес-процессы проще и быстрее. Не тратьте время на сведение данных",,,,,,,,
https://sun9-45.userapi.com/c844723/v844723615/14b177/92i0iW_Q_GE.jpg,3,https://www.amocrm.ru/,amoCRM,"amoCRM — online-система учёта клиентов и сделок, которая помогает увеличивать продажи.

С помощью сервиса можно подключить Страницу ВКонтакте и удобно общаться с клиентами в едином окне внутри amoCRM, вести учет заказов, строить воронки продаж.

Также вы можете подключит рекламный кабинет ВКонтакте, создавать аудитории ретаргретинга прямо из CRM и даже запускать и останавливать рекламу.",,,,,,,,
https://sun9-14.userapi.com/c850624/v850624309/59e21/BHl8NUbH7J8.jpg,1,http://www.arwm.ru/,ArrowMedia,"ArrowMedia – агентство результативной интернет-рекламы. Достижение максимального результата средствами контекстной рекламы, таргетированной рекламы и веб-аналитики. В портфеле агентства крупнейшие рекламодатели: ГК ПИК, Askona, MebelVIA, Панавто и другие.",Сертифицированное,"E-commerce, Недвижимость, Медицина",,да,нет,1,нет,100 000
https://sun9-66.userapi.com/c850624/v850624309/59e28/u_IfnRncClc.jpg,1,http://artics.ru/,Artics Internet Solutions,"Мы разрабатываем и реализуем Digital Performance Marketing стратегии, повышающие объективные и измеримые показатели Вашего бизнеса.",Сертифицированное,"Фарма, Недвижимость, Авто",,да,да,"1, 2",нет,300 000
https://sun9-28.userapi.com/c851528/v851528452/11a024/kU96gOPhu2k.jpg,1,https://www.artox-media.ru/,Artox Media Digital Group,"Artox Media Digital Group (AMDG) – сетевое международное digital-агентство с офисами в Москве, Минске, Нью-Йорке и Алматы, предоставляющее полный комплекс услуг для продвижения бизнеса в интернете.",Сертифицированное,"Авто, Недвижимость, Фарма, Страхование, FMCG",,да,да,"1, 2",,300 000
https://sun9-23.userapi.com/c846017/v846017208/1500d1/2MdXKRzQP5k.jpg,1,http://artsofte.digital/,Artsofte Digital,"Интернет-маркетинг в Artsofte Digital заключается в комплексном подходе к продвижению бренда, привлечению целевой аудитории на сайт, повышению продаж и использовании всех необходимых инструментов отслеживания эффективности рекламы. Вплоть до сквозной аналитики.",,"Недвижимость, Авто",,да,да,"1, 2",,100 000
https://sun9-28.userapi.com/c850624/v850624309/59e2f/Xvf3DOTQAs0.jpg,1,http://azot.digital/smm,AZOT,"Специализируемся на планировании и ведении рекламных кампаний, добиваемся увеличения конверсии посетителей в заказы. Проповедуем измеряемый маркетинг: отслеживаем выполнение целевых действий на всех этапах воронки продаж.",Сертифицированное,"Франшизы, Медийные проекты, E-commerce",,да,да,"1, 2",нет,20 000
https://sun9-68.userapi.com/c851036/v851036965/59bab/uD0y9Bg1V4c.jpg,3,https://bot-vk.ru/,Bot-VK,"Сервис для создания ботов в ваших группах ВКонтакте. Боты поддерживают множество функций, от автоматического общения до анонимных чатов.

Простое подключение и управление, интуитивно понятный интерфейс.",,,,,,2,,
https://sun9-24.userapi.com/c845122/v845122510/14dac3/SOchK6NscHA.jpg,3,https://br-analytics.ru/,Brand Analytics,"Brand Analytics – система мониторинга и анализа социальных медиа. Помогаем брендам слышать своих клиентов. Использование Brand Analytics поможет снизить репутационные риски, разработать коммуникационную стратегию, улучшить продукты и качество обслуживания, оценить эффективность рекламных компаний, быть в курсе действий конкурентов.",,,,,,"2, 8",,
https://sun9-14.userapi.com/c850624/v850624309/59e36/mRw9OsyT9Nc.jpg,1,https://brandmaker.ru/,Brandmaker,Полный цикл работ по увеличению продаж и конкурентоспособности производственно-оптовых компаний.,Сертифицированное,FMCG,,да,нет,1,,15 000
https://sun9-55.userapi.com/c858320/v858320595/10c09b/aaeZrxTTlBM.jpg,3,https://checkpot.fun/,Checkpot,"Сервис для проведения розыгрышей призов по чекам ВКонтакте. Помогает бизнесу проводить розыгрыши среди своих клиентов, тем самым стимулирует подписчиков покупать товары или услуги, а покупателей подписываться на сообщество компании.",,Проведение розыгрышей,,,,2,,
https://sun9-61.userapi.com/c851036/v851036965/59b9d/DEw-f8NOrvA.jpg,3,https://vk.com/clevertarget,Clever Target,"Clever Target – умный сервис для работы с рекламой ВКонтакте.

Clever Target – это:
- подбор целевой аудитории по заданным параметрам
- создание баз данных по параметрам",,,,,,1,,
https://sun9-38.userapi.com/c851036/v851036965/59b96/DAjBmGnLt_w.jpg,3,https://cleverpub.ru/,CleverPub,"
CleverPub – современный, удобный сервис управления сообществами ВКонтакте!
CleverPub – это:
удобный и точный автопостинг с возможностью репоста;
статистика и динамика развития сообщества;
отслеживание качества рекламы и обменов;
поиск сообщений и сообществ по параметрам.",,,,,,2,,
https://sun9-71.userapi.com/c855628/v855628827/8079a/Xkp6WvZ9sGA.jpg,1,http://deep.click/,deep ,"Креативное digital агентство. Любим придумывать рекламные кампании.
Умеем делать их так, чтобы они приносили результат. Успеваем заниматься саморазвитием и следить за трендами. Удивляемся простым решениям, до которых раньше никто не додумался. Наше хобби - первыми пробовать новые механики и инструменты. Наша обязанность - проверять их перед тем, как предлагать клиентам. Все это мы делаем потому, что открыто стремимся стать лучшими в своем деле.",Сертифицированное,"Банки, Авто, Tech, Retail (Спортивные бренды)",,да,да,"1, 2",,30 000
https://sun9-23.userapi.com/c850624/v850624309/59e3d/YmEK0XmWW6A.jpg,1,http://fulldigitalservice.deltaclick.ru/,DeltaСlick (РГ Deltaplan),Full digital service. Компетенция агентства - разработка эффективных коммуникаций.,Сертифицированное,"Недвижимость, Медицина, Телеком",,да,да,"1, 2",нет,100 000
https://sun9-26.userapi.com/c855628/v855628827/807a4/sEHcJ_-VNhg.jpg,1,https://www.demis.ru/?utm_source=vkpartner&utm_medium=cpc&utm_campaign=demis&utm_content=partner,Demis Group,"Digital-агентство Demis Group специализируется на увеличении продаж клиентов с помощью комплексных решений интернет-маркетинга. Делаем бизнес клиента прибыльным, помогаем получать только целевой трафик и конвертировать его в продажи. ",Сертифицированное,"E-commerce, Недвижимость, Авто, Финансы и банки, B2B",,да,да,"1, 2",,30 000
https://sun9-53.userapi.com/c857016/v857016242/3764a/Kcz0xt2YA1M.jpg,1,http://agencyinsight.ru/,digital агентство Insight,"Insight — полносервисное digital-агентство.
Наша специализация — разработка комплексных digital-стратегий для бизнеса.
Наш подход строится на глубокой аналитике проекта и подборе оптимального комплекса каналов и инструментов.",,"Медицина, Недвижимость, Авто, Мероприятия, HoReCa",,,,"1, 2",,
https://sun9-65.userapi.com/c850624/v850624309/59eec/8bxADs5PwIM.jpg,3,http://da-a.ru/,Digital Audio,"Digital Audio является эксклюзивным партнером ВКонтакте по размещению аудиорекламных материалов.

 Рекламодателям предлагается разместить рекламные аудиоролики, которые проигрываются во время прослушивания музыки ВКонтакте на всех устройствах - компьютеры, планшеты, мобильные телефоны. Благодаря механизму таргетирования рекламное сообщение услышит только целевая аудитория.",,,7 (495) 151-10-01,,,5,,
https://sun9-55.userapi.com/c849036/v849036657/dab8c/Bfy9IYQCBE8.jpg,1,http://buro.digital/,Digital Buro,Разрабатываем и реализуем эффективные маркетинговые стратегии в интернете.,Для малого бизнеса,"Мероприятия, Спортивные товары и услуги, Детские товары и услуги",,да,да,"1, 2",,30 000
https://sun9-64.userapi.com/c847018/v847018255/1478d0/vsfj6_9IU2Q.jpg,1,http://www.digital-info.agency/?utm_source=vk&utm_medium=recommend,Digital Info,"Наш профиль - стратегический интернет маркетинг. Мы полноценно владеем всеми необходимыми инструментами digital продвижения и сертифицированы площадками, с которыми работаем. Команда агентства постоянно проходит повышение квалификации и сама преподает digital маркетинг. В наше портфолио входят проекты со сложной многоуровневой механикой",Сертифицированное,"Медицина, Телеком, DIY, Ритейл, Автодилеры",,да,да,"1, 2",нет,50 000
https://sun9-6.userapi.com/c851036/v851036965/59b8f/bBp891bVsho.jpg,3,https://dycover.ru/,DyCover ,"DyCover – конструктор динамических обложек для сообществ ВКонтакте. Уникальные виджеты, богатый функционал, удобный интерфейс. Создайте уникальную обложку за 5 минут, которая привлечет пользователей и увеличит активность подписчиков вашего сообщества! Убедитесь сами!",,,,,,2,,
https://sun9-6.userapi.com/c850624/v850624309/59e44/EH463cQ9PRY.jpg,1,http://www.e-promo.ru/?utm_source=vk.com&utm_medium=referral&utm_campaign=vk-biz-partners,E-Promo,Мы превращаем маркетинговые бюджеты в заказы и продажи. ,Сертифицированное,"Недвижимость, Авто, Спортивные товары и услуги",,да,да,"1, 2",,100 000
https://sun9-24.userapi.com/c851036/v851036965/59b88/hMizJqmvql8.jpg,3,https://www.ecwid.ru/,Ecwid,"Создайте магазин на Эквиде и выгрузите витрину в «Товары» ВКонтакте. Продавайте без сообщений «в личку» и ручного заполнения каталога.

Выгружайте товары автоматически
Товары выгружаются в сообщество автоматически, не нужно заполнять информацию вручную по одному.

Обновляйте каталог в один клик
Товары синхронизируются. Если вы добавите, удалите или измените товар в Эквид-магазине, все обновления попадут в сообщество по вашей команде.

",,,,,,2,,
https://sun9-72.userapi.com/c850624/v850624309/59e4b/CPiL_S5BoJM.jpg,1,http://elama.ru/services/agency/,eLama,Помогаем найти покупателей с помощью таргетированной рекламы и рассказываем о результатах на понятном языке. Работаем на рынке интернет-рекламы с 2008 года. Используем все возможности нашего сервиса для результативной работы с рекламными кампаниями,Сертифицированное,"Медицина, Авто, Строительство",,да,нет,1,нет,30 000
https://sun9-60.userapi.com/c850624/v850624309/59de9/GLqf5bOz9Nk.jpg,1,https://fistashki.org/,Fistashki,"Fistashki — агентство Full Digital Service. У нас более 10 лет опыта работы на российском рынке, ежегодно мы входим в топ-10 лучших digital-агентств России.",,"Авто, FMCG, B2B, IT",,да,да,"1, 2",,100 000
https://sun9-8.userapi.com/c850624/v850624309/59ee5/a1oTpxRKzZ8.jpg,3,http://gpm-digital.com/,Gazprom-Media Digital,"Gazprom-Media Digital является партнером ВКонтакте по размещению видеорекламы.

 Рекламодатели могут разместить видеорекламу в формате прероллов. Рекламные ролики показываются перед просмотром видеозаписей ВКонтакте.",,,7 (495) 780-60-39,,,3,,
https://sun2.beeline-kz.userapi.com/rS0UVCj6cUT8eDAG9TChW-PNUvusHozwvz5MXA/K8CSN--7l2E.jpg,1,https://www.groupm.com/markets/russia,GroupM,"GroupM является ведущей в мире рекламным холдингом. Доля рынка GroupM составляет 28.8%, cогласно рейтингу COMvergence за 2018 год. Каждый третий рекламный выход в мире осуществляется с помощью GroupM. GroupM Россия представлена агентствами Mindshare, MediaCom, Wavemaker. Агентства являются глобальными операционными компаниями и занимают лидирующие позиции на мировом рынке. ",Сертифицированное,"FMCG, Авто, Финансы и банки",,,,1,,
https://sun9-43.userapi.com/c852128/v852128138/19e6e2/tgpyECMtrZE.jpg,1,havasgroup.com,HAVAS GROUP,"Группа Агентств, входящих в глобальную сеть HAVAS и в содружество агентств АДВ. 
Мы предоставляем полный спектр услуг по стратегическому и тактическому планированию, медиабаингу, размещению и контролю за размещением рекламы в СМИ, реализации нестандартных медиапроектов, а также, занимаемся исследованиями рынка. ",Сертифицированное,"FMCG, Телеком, Retail, Авто, E-commerce",,да,нет,1,,2 000 000
https://sun9-45.userapi.com/c850624/v850624309/59e59/U7U_nfGYGTM.jpg,1,https://www.i-media.ru/,i-Media,"i-Media предоставляет услуги интернет-рекламы с фокусом на performance-marketing, которые эффективно влияют на рост продаж.",Сертифицированное,"E-commerce, Недвижимость, Финансы и банки",,да,нет,1,,100 000
https://sun9-60.userapi.com/c847221/v847221615/14c368/CaB34WCEXBE.jpg,1,http://iawt.ru/?utm_soure=vkbusiness,IAWT,"Мы команда опытных и креативных профессионалов, для которых не существует невыполнимых задач. Мы не работаем по шаблону и при обслуживании каждого проекта применяем только новые идеи и методы.

Для каждого клиента мы выстраиваем систему маркетинга от разработки основ позиционирования компании до создания плана маркетинговых мероприятий по продвижению используя при этом только индивидуальный подход и умение найти неординарные пути.",,"Медицина, Красота и здоровье",,да,нет,1,,100 000
https://sun9-2.userapi.com/c850624/v850624309/59e60/2MyMQkBmT_E.jpg,1,https://www.icontext.ru/,iConText,"Крупнейшее независимое интернет-агентство в России, основано в 2002 году. iConText специализируется на omni digital marketing и придерживается подхода performance marketing, маркетинга, ориентированного на результат. ",Сертифицированное,"Финансы и банки, E-commerce, Недвижимость",,да,нет,1,,100 000
https://sun9-42.userapi.com/c850120/v850120510/866a1/WcAN8YTZXt8.jpg,1,https://ideanova.pro/,Idea Nova,"Idea Nova существует с 2010 года для реализации SMM, SMO и digital-проектов. Основной профиль компании — организация присутствия брендов на различных площадках в Интернете для их более тесного и продуктивного общения с аудиторией.",Для малого бизнеса,"Оффлайн ритейл, Недвижимость, Медицина",,да,да,"1, 2",,30 000
https://sun2.beeline-kz.userapi.com/FMAa6QXbPRGpxcwGy11wXilvY_7UdtqMefV2wg/lvb9s2Uyc9I.jpg,1,https://www.ingate.ru/,Ingate,"Агентство performance-маркетинга и ключевой игрок российского рынка digital. Специализируемся на performance-подходе. Разрабатываем и реализуем комплексные стратегии по привлечению клиентов из интернета.
",Сертифицированное,"Медицина , Одежда, FMCG",,да,да,"1, 2",,100 000
https://sun9-38.userapi.com/c850624/v850624309/59e6e/nzMDq3IKcME.jpg,1,https://www.iprospect.com/ru/ru/?utm_source=vk&utm_medium=pr,iProspect,"Международное агентство iProspect основано в 1996 году, входит в состав Dentsu Aegis Network Russia. Осуществляет полный спектр услуг в сфере digital performance marketing. Агентство объединяет 3 000 сотрудников в 50 странах.",Сертифицированное,"Недвижимость, FMCG, Финансы, Авто, Фарма",,да,нет,1,нет,1 000 000
https://sun9-63.userapi.com/c851036/v851036965/59b81/5Bv2SBczZrQ.jpg,3,https://kairos.zemedia.ru,Kairos,"Кайрос — автоматизированная система управления рекламой ВКонтакте. Искусственный интеллект динамически выставляет максимально выгодную ставку для каждого подключенного объявления в зависимости от поставленных параметров KPI, чутко реагируя на изменения в конкурентной среде аукциона и поведении целевой аудитории.

В Кайросе вас ждет:
1. Сегментация и анализ ЦА;
2. Медиа-планирование и бюджетирование;
3. Миксер креативов;
4. Создание массовых рекламных кампаний;
5. Динамическое управление ставкой;
6. Подробная статистика ротации объявлений",,,,,,1,,
https://sun9-68.userapi.com/c850624/v850624309/59e75/tYGZZ6mfFzs.jpg,1,http://laconic.agency/?utm_source=vk_partners_page,Laconic,Медийное агентство с фокусом на аудиторные закупки в социальных сетях.,Сертифицированное,"B2B, FMCG, Финансы",,да,да,"1, 2",нет,200 000
https://sun9-34.userapi.com/c851036/v851036965/59b7a/W9ncD5NOmQM.jpg,3,https://letscover.me/,LetsCover,"Простой и удобный конструктор динамических обложек для вашей группы ВКонтакте. Загрузите фон, выберите нужные виджеты и наслаждайтесь новым оформлением каждую минуту. Об остальном позаботимся мы!",,,,,,2,,
https://sun9-29.userapi.com/c849124/v849124510/d075f/gk4SURi-p8s.jpg,1,http://trylike.ru/,Like Marketing,Все стороны интернет маркетинга: от разработки до обучения.,Для малого бизнеса,"Авто, Недвижимость, B2B",,да,нет,1,,15 000
https://sun9-14.userapi.com/c849524/v849524335/d319a/m4lSNN_rMGE.jpg,3,http://sales.mail.ru/ru/,Mail.Ru Group,Размещение видеорекламы в формате преапплоадеров. Рекламные видеоролики показываются перед загрузкой игр и приложений ВКонтакте.,,,7 (495) 725-63-57,,,6,,
https://sun9-14.userapi.com/c849524/v849524335/d319a/m4lSNN_rMGE.jpg,3,http://sales.mail.ru/ru/kazahstan/video/latest/t-video/,Mail.Ru Group,Размещение видеорекламы в формате прероллов. Рекламные ролики показываются перед просмотром видеозаписей ВКонтакте.,,,7 (495) 725-63-57,,,4,,
https://sun9-14.userapi.com/c849524/v849524335/d319a/m4lSNN_rMGE.jpg,3,http://sales.mail.ru/ru/russia/mobile/latest/,Mail.Ru Group,Размещение медийной рекламы для интернет-сайтов. Показы рекламы в новостной ленте ВКонтакте на мобильных устройствах.,,,7 (495) 725-63-57,,,7,,
https://sun9-35.userapi.com/c851036/v851036965/59b73/cHGfjTiJcwI.jpg,3,https://www.mymarilyn.ru,Marylin,"Marilyn — надстройка к рекламным площадкам для крупных рекламодателей и агентств. Не нужно переносить свои рекламные кампании или менять схему расчётов с площадками, просто дайте Marilyn доступ к рекламным кабинетам. Это безопасно и конфиденциально.

Наша система управляет рекламой, составляет статистическую отчетность и букирует рекламные размещения.",,,,,,1,,
https://sun9-18.userapi.com/c845521/v845521476/153b83/vVb-MCW312M.jpg,1,https://bbdogroup.ru/about/agency/mediadirectionprogrammatic/?utm_source=vk_catalog&utm_medium=cpc&utm_content=agency,Media Direction Performance,"Media Direction Programmatic — digital-агентство, оказывающее услуги в области автоматизированной закупки рекламы в цифровых каналах коммуникации и анализа ее эффективности. Основная деятельность Media Direction Programmatic нацелена на предоставление полного перечня programmatic-решений, таких как аудиторные закупки, look-alike, ремаркетинг для баннерной, видео и mobile рекламы.",Сертифицированное,"Недвижимость, Retail, Фарма, Авто, FMCG",,да,да,"1, 2",нет,1 000 000
https://sun9-36.userapi.com/c850624/v850624309/59e7c/nIYyJ5Q39Lo.jpg,1,http://mediainstinctgroup.ru/?utm_campaign=vk_partners&utm_source=vk_partner_page,Media Instinct Group,"Группа специализированных агентств, оказывающих следующие услуги из области медиасервиса: стратегическое и тактическое планирование, медиабаинг, исследования, аналитику и комплексные digital-услуги.",Сертифицированное,"FMCG, Недвижимость, Финансы",,да,да,"1, 2",нет,150 000
https://sun9-28.userapi.com/c850624/v850624309/59e83/NA8PHtjdrF4.jpg,1,http://mediaguru.ru/,MediaGuru,"Digital-агентство: омниканальность, perfomance-маркетинг и сквозная аналитика. На рынке с 2007 года.",Сертифицированное,"E-commerce, Медицина, Услуги",,да,нет,1,нет,100 000
https://sun9-55.userapi.com/c850032/v850032114/da5de/lrkx8aJrT38.jpg,1,https://medianation.ru/?utm_source=vk_partners,MediaNation,"Digital-агентство, у которого всегда найдется решение для любых задач: от повышения узнаваемости бренда и роста трафика до увеличения продаж и эффективного управления репутацией. MediaNation – это команда сертифицированных специалистов, партнерство с крупными интернет-сервисами и множество успешно реализованных проектов.",Сертифицированное,"Финансы и банки, Недвижимость, E-com",,да,да,"1, 2",,50 000
https://sun9-72.userapi.com/c850624/v850624309/59e8a/YXob7CHDOdc.jpg,1,http://mgcom.ru/,MGCom,"Агентство помогает крупному и среднему бизнесу привлекать клиентов и проводить их по воронке с помощью инструментов перфоманс-маркетинга. Умеем работать как с масштабными проектами и стратегиями, так и с отдельными задачами.",Сертифицированное,"Финансы, Недвижимость, Retail, Авто",,да,да,"1, 2",нет,150 000
https://sun9-14.userapi.com/c858124/v858124853/2ab8c/qkm4k-aZaOw.jpg,1,http://mishkadigital.ru,Mishka Digital,"Ваша цель — успешный и процветающий бизнес, увеличение количества клиентов? Тогда предложение нашего агентства Mishka Digital позволит осуществить ваши цели.  Мы гарантируем вам получение клиентов из интернета, поступление заявок, привлечение реальных покупателей и повышение доверия к вашему бренду.",Для малого бизнеса,"Фитнес, Онлайн-школы, Мероприятия, Услуги B2B и B2C",,да,,1,,15 000
https://sun9-54.userapi.com/c850624/v850624309/59df0/MXXP0VKLaa0.jpg,1,http://molinos.ru/,Molinos,Мы делаем сайты и занимаемся интернет-маркетингом. Работаем с 1999.,Для малого бизнеса,"Медицинские услуги, Мероприятия, Недвижимость",,да,да,"1, 2",нет,100 000
https://sun9-36.userapi.com/c858036/v858036922/5a747/57mUbYuTN74.jpg,1,https://mozartmedia.ru,Mozart Media,"SMM как по-нотам! 
Специализируемся на таргетированной рекламе для продвижения товаров и услуг через социальные сети.",Сертифицированное,"Оффлайн ритейл, HR-проекты, FMCG, Медицина, Мероприятия",,,,"1, 2",,50 000
https://sun9-16.userapi.com/c846021/v846021557/18fc8d/NhKSLzKJNoc.jpg,1,http://mtp.company/?utm_source=vk&utm_medium=organic&utm_campaign=partnerpage,MTP.DIGITAL,"Маркетинг, приносящий результат. 
Команда с опытом организации и продвижения мероприятий, брендов, государственных компаний и партий, а также частного бизнеса.",Для малого бизнеса,"Мероприятия (events), Электронная коммерция",,да,да,"1, 2",,30 000
https://sun9-56.userapi.com/c850624/v850624309/59e91/XXO-AtlLdTY.jpg,1,http://nectarin.ru,Nectarin,"«Нектарин» — полносервисное digital-агентство с 12-летним опытом. Наша специализация: комплексные digital стратегии в Интернете, направленные на решение бизнес-задач клиента.",Сертифицированное,"Авто, Retail, Кино",,да,да,"1, 2",нет,
https://sun9-59.userapi.com/c855620/v855620853/a83ac/JizXOw1z4fg.jpg,1,https://next-lvl.ru/?utm_source=vk_business,"NextLevel
","Любим качественный SMM, четкие брифы, конверсии и высокий CTR. Не любим размытые KPI, невнятное ТЗ и безыдейные контент-планы. Если вкусовые предпочтения в Digital у нас с вами совпадают, пишите - обсудим ваш проект :)",Для малого бизнеса,"Общепит, FMCG, B2B",,да,да,"1,2",,20 000
https://sun9-17.userapi.com/c851036/v851036965/59b6c/9kySohVstaQ.jpg,3,https://novapress.com/,NovaPress Publisher,"NovaPress Publisher – сервис отложенной публикации записей на страницы.

Вы просто задаете время, когда та или иная запись должна появиться в социальной сети, и сервис опубликует ее за Вас.

С помощью данного сервиса Вы также можете автоматизировать публикацию новостей с сайта и сэкономить драгоценное время.

Сервис может копировать записи с сайтов или групп в социальных сетях в другие группы, размещать видеозаписи в Ваших группах по мере их появления на каналах Youtube/Rutube/Vimeo/DailyMotion. Кроме того, есть функция автоматического добавления водяных к фотографиям и хэштегов.",,,,,,2,,
https://sun9-7.userapi.com/c846324/v846324553/1fea5c/DCPtcFbX77c.jpg,1,http://ranovator.ru/,Novator,Агентство интернет рекламы. С 2009 года делаем эффективные рекламные компании. Полный комплекс услуг digital маркетинга для проведения региональных и федеральных рекламных компаний!,Сертифицированное,"Недвижимость, Концерты и развлекательные мероприятия, Автодилеры",,да,да,"1, 2",нет,20 000
https://sun9-18.userapi.com/c850624/v850624309/59e98/Ajs1yLUtCSI.jpg,1,http://omd.ru/?utm_source=vk&utm_medium=social&utm_campaign=vk_biz_partners&utm_term=vk_biz_partners &utm_content=vk_biz_partners,OMD Resolution Russia,"OMD Resolution - digital-хаб OMD OM Group, консолидирующий в себе всю экспертизу в области размещений, сервисов и создания продукта в digital.",Сертифицированное,"FMCG, Финансы, Авто",,да,да,"1, 2",нет,1 000 000
https://sun9-18.userapi.com/c849532/v849532636/d37e4/tfUbd2wK3Dw.jpg,3,https://vk.com/pepperninja,Pepper.Ninja,"Pepper парсит аудиторию ВКонтакте с помощью продвинутых алгоритмов. Он может собирать пользователей по нескольким десяткам признаков: возраст, пол, геоположение, семейное положение, место учебы и работы, какую активность проявлял, интересы и многое другое.

 Сервис полезен как продвинутым таргетолагам, так и неискушенным пользователям, которые ведут свои рекламные кампании самостоятельно.",,,,,,2,,
https://sun9-18.userapi.com/c850628/v850628165/ef7b1/tHM4xn5AG9Y.jpg,1,https://www.performics.com/,Performics / Publicis Media,"Агентство Performics в России – бренд, под которым объединились c 2016 года performance cпециалисты, обслуживающие клиентов группы Publicis Media.

Благодаря технологиям и решениям Performics взаимодействие с пользователями становится более живым и персонализированным. Тысячи источников данных превращают оптимизацию рекламных кампаний в непрерывный путь к успеху.",Сертифицированное,"FMCG, Фарма, Финансы, Авто",,да,да,"1, 2",,200 000
https://sun9-54.userapi.com/c850624/v850624309/59e9f/siT-ZJvFyjE.jpg,1,http://pichesky.ru/,Pichesky,"Полносервисное digital агентство, основанное в 2008 году. Наши ключевые экспертизы: стратегия, медиа, креатив, социальные сети, web разработка и работа с видео.",Сертифицированное,"IT, FMCG, Ритейл",,да,да,"1, 2",нет,500 000
https://sun9-48.userapi.com/c851036/v851036965/59b65/SLUbQNWxteg.jpg,3,https://www.plarin.net/,Plarin Ad Manager,"Система специально разработана для рекламодателей и агентств с целью эффективного управления рекламными кампаниями.

Этот мощный и удобный инструмент открывает новые возможности таргетированной рекламы ВКонтакте благодаря настраиваемым правилам, автоматической оптимизации ставок в реальном времени, управлению по конверсиям, и в то же время значительно экономит время и ресурсы за счет автоматизации ежедневных рутинных операций по созданию, контролю и управлению рекламными кампаниями и объявлениями.",,,,,,1,,
https://sun9-40.userapi.com/c851036/v851036965/59b57/Za9HiIyT6YM.jpg,3,https://publer.pro/,Publer,"Cервис для поиска новых тем для арбитража, отслеживания рекламы конкурентов по работающим офферам в пабликах, подбора пабликов, поиска тизеров ВК, аналитики сообществ ВК и мониторинга тизерных сетей.
",,,,,,,,
https://sun9-49.userapi.com/c856016/v856016643/2213d/6J3UV4baNnc.jpg,1,http://r-broker.ru?utm_source=VK&utm_medium=cpm&utm_campaign=sertificat,R-брокер,"Агентство интернет-рекламы для малого и среднего бизнеса с бесплатными услугами. Разработчики собственного, уникального сервиса автоматизации рекламы R-брокер. Работаем с 2004 года. ",Сертифицированное,"Ремонт бытовой техники, Образование (обучение, тренинги, курсы), Товары для детей, Товары для строительства и ремонта домов, Юридические услуги",,да,,1,,
https://sun9-27.userapi.com/c844618/v844618255/15874a/UUzpS1_PhAY.jpg,1,http://r-top.ru/,R-top,"Миссия агентства - выстроить с каждым клиентом индивидуальное отношения, чтобы добиться положительного результата от совместной работы.
Повод для гордости - мы ежегодно организуем самое крупное мероприятие в Нижегородской области в сфере интернет-маркетинга - Digital Оттепель.",Для малого бизнеса,"Недвижимость, Мероприятия, Красота и здоровье",,да,да,"1, 2",,15 000
https://sun9-32.userapi.com/c848736/v848736255/d924c/7Vh_9PguvDw.jpg,1,http://reactive-agency.ru/?utm_source=vkbizpartners,Reactive-Agency,"Reactive Agency — рекламное агентство, специализирующееся на создании таргетированной рекламы, наиболее эффективном методе продвижения товаров и услуг
 через социальные сети.",Сертифицированное,"E-commerce, Финансы, FMCG, Retail, Авто",,да,да,"1, 2",нет,150 000
https://sun9-44.userapi.com/c845019/v845019401/15ea34/5JH5kAjMbRs.jpg,1,http://registratura.ru/?urm_source=vk_partners&utm_medium=referral,Registratura.ru,"Специализируемся на performance marketing, ориентированном на результат. Являемся одним из крупнейших digital-агентств, предоставляющих полный спектр услуг в области performance marketing. Мы обладаем экспертизой в контекстной и таргетированной рекламе, в веб-аналитике, а также в других источниках и инструментах, требующихся для выполнения бизнес целей клиентов. ",Сертифицированное,"E-commerce, Недвижимость, Авто, Медицина",,да,,1,,500 000
https://sun9-27.userapi.com/c851036/v851036965/59b5e/DjTpq7rQM9Q.jpg,3,https://robochat.io/,Robochat.io,"Повышайте вовлечение подписчиков, увеличивайте охваты сообщества, устраивайте таргетинговые рассылки с акциями, сократите время общения с пользователями. ВК бот бесплатно к вашим услугам.",,,,,,2,,
https://sun9-42.userapi.com/c850624/v850624309/59ddb/m0ouLaN0mTQ.jpg,1,http://searchstar.ru/,SearchStar,"Мы не говорит о создании своих “чудо технологий”, изменивших мир, мы профессионально работаем с самыми совершенными Интернет-системами. ",,"Игры и киберспорт, Телеком, Культура",,да,нет,1,,100 000
https://sun9-6.userapi.com/c851036/v851036965/59b50/XzzJ9fHurSQ.jpg,3,https://vk.com/segmento_target,Segmento Target,"Инструмент Cегменто Таргет позволяет выделять целевую аудиторию из ВКонтакте путём:

Выделения активной аудитории по любому из параметром (те кто поставил лайк, репост, участвовал в обсуждениях, писал комментарии)

Поиска смежных групп, в которых клиенты Ваших клиентов уже состоят c целью сбора потенциальных клиентов, наиболее близких по поведению, что увеличит CTR, снизит цену клика, увеличит конверсию в покупки

Отсекания ботов и СПАМ-аккаунтов, что увеличивает CTR, снизит цену клика

Поиска подписчиков разных групп или аккаунтов лидеров мнений, с целью поиска пересекающейся аудитории, наиболее близких по поведению

Анализа купивших, с целью отсечения лишней аудитории (растёт CTR, конверсия, падает цена клика)

",,,,,,1,,
https://sun9-56.userapi.com/c850120/v850120510/866a8/Jx3FXg7s1xA.jpg,1,https://serenity.agency/,Serenity,Делаем маркетинг лучше за счёт усиления преимуществ и измерения всех этапов продаж от посещений до повторных покупок и рекомендаций.,Для малого бизнеса,"Мероприятия, Медицина, E-commerce",,да,да,"1, 2",,30 000
https://sun1.beeline-kz.userapi.com/v_2nXoje_3808tq75Zc6lYpg1pf5rUta4T69zg/Ns2nHJA4mqI.jpg,3,http://setuper.ru/,Setuper,"Setuper — это плагин для браузера Google Chrome, который помогает в настройке таргетированной рекламы ВКонтакте для новичков. 
Плагин будет полезен при создании бизнес страницы, оформлении группы, созданию рекламного кабинета, установке пикселя, настройке и запуске рекламных объявлений всех видов доступных ВКонтакте.
",,,,,,"1, 2",,
https://sun9-16.userapi.com/c851036/v851036965/59b42/tcmHSh8QR_Y.jpg,3,https://smmplanner.com/,SMM planner," SMMplanner - система управления постами в социальных сетях, рабочая среда SMM-специалиста.",,,,,,2,,
https://sun9-24.userapi.com/c845324/v845324698/1a83c8/cZP21c4apZk.jpg,1,https://laykasmm.ru,"SMM-агентство ""Лайка""","Мы – SMM-агентство, специализирующееся на лидогенерации и performance-подходе. Команду наших специалистов объединяет общая миссия – рост конкурентоспособности российского бизнеса. ",Сертифицированное,"Недвижимость, ТелеКом, Медицинские центры, Торгово-развлекательные центры.",,да,да,"1, 2",,150 000
https://sun9-53.userapi.com/c850624/v850624309/59ea6/BNHu251fbLc.jpg,1,https://smmashing.media/,SMMashing Media,SMM-агентство №1 в едином рейтинге Ruward 2017.,Сертифицированное,"Недвижимость, FMCG, HoReCa",,да,да,"1, 2",,15 000
https://sun9-38.userapi.com/c851036/v851036965/59b3b/ap_7umKm_Ms.jpg,3,https://smmbox.com/,SmmBox,"Наш сервис отложенного постинга не только опубликует посты, но и поможет найти контент, соберёт аналитику (лайки, репосты, комментарии, клики, лучшие посты).",,,,,,2,,
https://sun9-37.userapi.com/c850624/v850624309/59ead/OKGRKVBEUp4.jpg,1,http://Socialhero.agency/,Social Hero,Специализированное агентство по лидогенерации в социальных сетях. Трафик-эксперты.,Сертифицированное,"Франчайзинговые сети, Онлайн образование, Онлайн-ритейл",,да,нет,1,нет,50 000
https://sun9-42.userapi.com/c855128/v855128629/cc9f5/v7smQpaDQhI.jpg,3,http://socialist.media/,Socialist Media,"Socialist Media – мы медиакомпания, работаем на рынке digital-маркетинга и SMM. Специализируемся на размещении нативной рекламы, создании и продвижении видеопроектов, геймификации для брендов, а также на перфоманс проектах. 
Всегда на острие рекламных тенденций и технологий, используем новые механики первыми, пока они не стали мэйнстримом.
Официальный селлер ВКонтакте по нативным интеграциям в контент популярных сообществ и по интеграциям в игры и приложения.",,,,,,"9, 6",,
https://sun9-59.userapi.com/c851036/v851036965/59b34/t0tIJjXdA4o.jpg,3,https://sociate.ru/,Sociate,"Sociate.ru — биржа рекламы в сообществах ВКонтакте и Одноклассники, профилях Instagram и каналах Telegram.

Реклама в сообществах или органическая реклама — мощный инструмент, который помогает брендам и компаниям рассказывать о своем продукте аудитории на популярных тематических площадках социальных сетей.
Размещайте рекламные сообщения в сообществах ВКонтакте, чтобы в кратчайшие сроки донести информацию о вашей компании до заинтересованной аудитории. С помощью подробного кабинета статистики, отслеживайте эффективность каждого размещения.",,,,,,1,,
https://sun9-45.userapi.com/c851036/v851036965/59b2d/6yXSCXp0Gic.jpg,3,https://vk.com/spycat,Spycat,"Получайте до 3х раз больше заявок при помощи таргетированных виджетов

Заголовки, текст, кнопки и картинки будут меняться в зависимости от пола, возраста, географии, подписки на сообщество, дня рождения и других данных из анкет пользователей ВКонтакте, чтобы вы максимально точно попадали в их потребности и продавали больше

- Создавайте виджеты с возможностью транслировать товары, отзывы, тексты, изображения и другую информацию посетителям сообщества
- Обращайтесь к каждому посетителю по имени
- Настройте автоматическое изменение контента под целевую аудиторию
- Создайте сколько угодно виджетов и тестируйте разные гипотезы продаж",,,,,,2,,
https://sun9-21.userapi.com/c857016/v857016242/37643/HpME2cH6Zm4.jpg,1,http://stereo-smm.ru,STEREO,"Агентство с уклоном в performance-маркетинг. Работаем с клиентами с бюджетом на таргетированную рекламу от 100 т.р. в месяц. Умеем получать заявки в сложных нишах: недвижимость, автобизнес, медицина, туризм, HR.",Сертифицированное,"Недвижимость, Автобизнес , Медицина, Туризм, HR",,,,"1, 2",,
https://sun9-65.userapi.com/c850532/v850532831/ebbf2/qJBFV81kLgM.jpg,3,https://targethunter.ru,TargetHunter,"TargetHunter — это один из самых популярных инструментов по поиску аудитории для рекламы ВКонтакте. С ним вы сможете находить практически любых пользователей ВКонтакте, например, тех, кто активно комментирует записи конкурентов или недавно сменил семейное положение на «встречаюсь». Важной отличительной чертой сервиса является его широчайший функционал, моментальная круглосуточная поддержка и автоматизация процессов поиска целевой аудитории. Сервис имеет бесплатный пробный период и большой набор учебных материалов.",,,,,,"1, 2",,
https://sun9-11.userapi.com/c858020/v858020214/f470d/3Y81aAwA40Q.jpg,1,https://www.tbwa.ru/,TBWA,"TBWA — бунтарь среди международных агентств. Мы думаем иначе, превращая креатив в процесс безграничного творчества. Уникальный подход Disruption более 20 лет приводит к успеху клиентов TBWA в 98 странах.",,"Финансы, Авто, FMCG, Телеком, B2B, E-commerce, Retail",,,,1,,100 000
https://sun9-37.userapi.com/c855432/v855432021/5b76f/hnHKnSyaJ4g.jpg,1,https://teslatarget.ru,Tesla Target,"Комплексное SMM-агентство. Разрабатываем и внедряем стратегии присутствия вашего бизнеса в социальных сетях. Настраиваем таргетированную рекламу, создаем контент и автоворонки для соцсетей. ",Сертифицированное,"Мебельный бизнес, Медицина, Инфобизнес",,да,да,"1, 2",,20 000
https://sun9-38.userapi.com/c850624/v850624309/59eb4/LGBpbJu3Ex4.jpg,1,http://www.traffic-isobar.ru/about/?utm_source=vk&utm_medium=cpc&utm_campaign=,Traffic Isobar digital agency,"Полносервисное интернет-агентство, одно из сильнейших в сфере SMM. Создаём единую digital стратегию бренда, формируем индивидуальный сплит инструментов и реализуем эффективные рекламные кампании.",Сертифицированное,"FMCG, Красота и здоровье, Техника",,да,да,"1, 2",нет,100 000
https://sun9-29.userapi.com/c850624/v850624309/59ebb/cWd-30nLBi4.jpg,1,http://www.webcom-group.by/,Webcom Group,"Webcom Group – группа независимых digital агентств, которые включают в себя различные направления для продвижения бизнеса: performance-маркетинг, медийную рекламу, копирайтинг, аналитику бизнеса, а также имеет собственный центр интернет-образования Академию Webcom.",Сертифицированное,"Финансы и банки, Авто, Недвижимость",,да,да,"1, 2",нет,15 000
https://sun9-12.userapi.com/c849524/v849524856/15d604/Z5iu8_NpRxk.jpg,3,http://whatshelp.ru/,WhatsHelp,"Платформа для продаж через рассылки и чат-боты ВКонтакте. Позволяет создать без программирования и технических навыков чат-бота Странице бизнеса ВКонтакте для продаж и сбора заявок, запускать автоматические или ручные рассылки по базе подписчиков, создавать лендинги для сбора подписчиков и сегментировать базу клиентов при помощи автоматических вопросов, а также принимать платежи в автоматическом режиме и отправлять клиентам сообщения и файлы сразу после оплаты.",,,,,да,2,,
https://sun9-62.userapi.com/c845122/v845122510/14dabc/Ra2PZToF8xg.jpg,3,https://youscan.io/,YouScan,"Слушайте и анализируйте мнения потребителей, быстро находите ценные инсайты и управляйте репутацией бренда с помощью YouScan.
Мониторинг, аналитика и визуальные инсайты в социальных медиа и СМИ.
Мы помогаем компаниям становиться лучше, слушая своих потребителей, с 2009 года.",,,,,,"2, 8",,
https://sun9-39.userapi.com/c850624/v850624309/59ec9/5ZUbKNSmODE.jpg,1,http://zemedia.ru/,ZeMedia,"Наш опыт, методология подготовки и автоматизация проведения рекламных кампаний позволяет заказчикам фокусироваться на бизнесе, а не затратах на рекламу.",Сертифицированное,"Недвижимость, Авто, Медицины",,да,нет,1,нет,100 000
https://sun9-3.userapi.com/c852036/v852036717/625dc/KJiEXU7iXL8.jpg,1,http://april-agency.com/,Агентство «Апрель»,Агентство медиакоммуникаций «Апрель» занимается обслуживанием брендов в digital с акцентом на социальных медиа.,,"Красота и здоровье, Бытовая техника, FMCG",,да,да,"1, 2",,100 000
https://sun9-52.userapi.com/c850624/v850624309/59de2/h6AMzBwkSdE.jpg,1,https://dialog.red/,Агентство Диалог,"Мы - команда инициативных профессионалов своего дела, и мы знаем, как достичь развития вашего бизнеса.
SMM, Контекст, Дизайн!",Для малого бизнеса,"Недвижимость, Красота и здоровье, Развлечения",,да,да,"1, 2",,15 000
https://sun9-44.userapi.com/c851036/v851036965/59c0d/rbTjE-aKG4Y.jpg,2,https://vk.com/id450764434,Алекс Локк,"Провожу полный комплекс по созданию, продвижению, администрированию сообщества: дизайн, контент-планирование, построение воронки продаж. Также работаю с таргетированной рекламой для задач любой сложности.",Сертифицированный,"Инфобизнес, HoReCa, Красота и здоровье",,да,да,"1, 2",,5 000
https://sun9-10.userapi.com/c845018/v845018510/14b01e/5yv0inA8f4I.jpg,2,https://vk.com/id610661,Александр Антощенко,"Я занимаюсь настройкой таргетированной рекламы, ведением сообществ. Умею создавать автоворонки, внедрять в работу рассылки, подключать виджеты и оформлять продающее сообщество. Также работаю с динамическим ретаргетингом и пикселем.",Сертифицированный,"Инфобизнес, Образование, FMCG",,да,нет,1,,30 000
https://sun9-44.userapi.com/c846523/v846523133/1f3a3f/WOqRmne8bug.jpg,2,https://vk.com/id40727341,Александр Вылежанин,Специализируюсь на продвижении бизнеса в социальных сетях с помощью белых механик. Работаю с 2013 года. ,Сертифицированный,"Мероприятия, Недвижимость, Красота, Спорт",,да,да,"1, 2",,5 000
https://sun9-58.userapi.com/c851132/v851132831/e66ff/oX_UYZwxu_k.jpg,2,https://vk.com/id185675059,Александр Фролов,"Настраиваю таргетированную рекламу и в дальнейшем ее сопровождаю. Создаю и настраиваю группы с подключением дополнительных возможностей (виджеты, рассылки) для подготовки входящего трафика. Владею графическими редакторами.",Сертифицированный,"Авто, Красота, Мероприятия",,да,нет,1,,
https://sun9-60.userapi.com/c844418/v844418636/14bb70/QVhGBBe2TdM.jpg,2,https://vk.com/id298263520,Алексей Белый,"Я универсальный специалист по ведению сообществ и рекламе с большим опытом работы на практике. Также профессионально владею графическими редакторами, поэтому самостоятельно разрабатываю все визуалы для сообществ и контента.",Сертифицированный,"Инфобизнес, Красота и здоровье, Премиум сегмент",,да,да,"1, 2",,30 000
https://sun9-60.userapi.com/c850432/v850432782/1291f2/c-B7DdWwxAQ.jpg,2,https://vk.com/id9174521,Алексей Марков,"В SMM с 2017 года. За это время приобрел опыт в 30 различных нишах. Сейчас интересно продвижение творческих и бизнес-мероприятий, активного и экстремального туризма. Люблю комплексный подход.",Сертифицированный,"Мероприятия, Туризм, Товары и услуги",,да,нет,1,,30 000
https://sun9-33.userapi.com/c846523/v846523133/1f3a49/h5jU1EnVltM.jpg,2,https://vk.com/id3498668,Алексей Слемнев,Специализируюсь на настройке таргетированной рекламы в социальных сетях последние 3 года. Предлагаю комплексный подход: от аудита до приведения подписчиков/покупателей в бизнес.,Сертифицированный,"Одежда, Авто, Спорт",,да,да,"1, 2",,
https://sun9-64.userapi.com/c857236/v857236625/4f3d6/DgSwl7_DF_4.jpg,2,https://vk.com/smm_allabuleeva,Алла Булеева,"Комплексное развитие бизнеса в социальных сетях; разработка SMM-стратегии; полноценное ведение группы ВКонтакте, настройка нужных приложений, наполнение группы контентом; настройка рекламы.",Сертифицированный,"Инфобизнес, бьюти индустрия, FMCG, Строительство, Одежда и обувь, Грузоперевозки",,,,2,,
https://sun9-41.userapi.com/c851236/v851236357/5c19c/96qa8y6APUs.jpg,2,https://vk.com/id83814375,Анна Митракова,Опыт работы в SMM с 2016 года. Занимаюсь разработкой контент-плана и настройкой рекламных кампаний от анализа целевой аудитории до оптимизации.,Сертифицированный,"Дети и родители, Авто, Инфобизнес",,да,да,"1, 2",,
https://sun9-17.userapi.com/c854120/v854120688/cc1cc/AmY-3yYTRUI.jpg,2,https://vk.com/zarukin_anton,Антон Зарукин,"Настройка таргетинга, работа под KPI вступившие, обращения через группу ВК, лиды (через трафик на сайт),",Сертифицированный,"Еда, Инфобизнес, Недвижимость",,да,нет,1,,50 000
https://sun2.beeline-kz.userapi.com/gGQMR6fqf9tSrzn4ULdjXiHhjL0WlaeCuu8u_A/Levzg_gad-E.jpg,3,https://www.armata.tech,Армата,"Армата - сервис управления рекламой в ВКонтакте для арбитражников. 
В базовой версии позволяет расширить рекламные технологии VK.",,"Автоматизированные стратегии, персональные таргетинги, сквозная аналитика.",,да,,1,,500
https://sun9-54.userapi.com/c848416/v848416510/c8d55/nN8JE2vgr8o.jpg,2,https://vk.com/id269423131,Артур Пожарский,"Занимаюсь ведением сообществ под ключ, начиная с оформления сообщества с дизайнером, наполнения контентом и заполнения разделов, заканчиваю.с разработкой стратегии платного продвижения и настройкой таргетированной рекламы.",Сертифицированный,"Доставка еды, Спортивные товары и услуги, Развлечения",,да,да,"1, 2",,30 000
https://sun9-62.userapi.com/c851036/v851036965/59c06/5-7Qtd5aijI.jpg,3,https://www.bitrix24.ru/,Битрикс24,"«Битрикс24» — это полный комплект инструментов для организации работы компании.

В CRM системе вы можете подключить Страницу бизнеса ВКонтакте, получать и обрабатывать сообщения и комментарии от клиентов через единое окно, выстраивать полноценную поддержку и добавлять чат ВКонтакте на сайт.

Для интернет-магазинов есть опция автоматической загрузки товаров для Магазина ВКонтакте.

Возможно подключение рекламного кабинета ВКонтакте для загрузки клиентов в аудитории ретаргетинга, а также для интеграции форм сбора заявок и автоматического получения лидов прямо в CRM.",,,,,,,,
https://sun9-18.userapi.com/c846216/v846216510/141534/ZG6ji8mDewY.jpg,2,https://vk.com/id2523130,Вадим Ребров,"Занимаюсь контент-маркетингом, разрабатываю стратегию продвижения бренда, миссию и позиционирование, настраиваю/сопровождаю таргетированную рекламу в соцсетях, редактирую тексты в инфо-стиле и консультирую в сфере продвижения. Также помогу с брендингом.",Сертифицированный,"IT, Мероприятия, Мода, HoReCa",,да,нет,1,,50 000
https://sun9-39.userapi.com/c852024/v852024909/13df0f/meIOVgtYG54.jpg,2,https://vk.com/id116140091,Валерий Пудовкин,Строю мост между вашим продуктом и клиентами с помощью SMM и таргетированной рекламы. ,Сертифицированный,"E-commerce, Строительство, Развлечения",,да,да,"1, 2",,5 000
https://sun9-39.userapi.com/c855620/v855620775/14547c/-MOLwP6sT_0.jpg,2,https://vk.com/babybaraboo,Вера Печерская ,"Digital-маркетолог: таргетинг, чат-боты, автоворонки, нейрокопиратинг, директ и РСЯ, дизайнерское оформление групп.",Сертифицированный,"Еда, инфобизнес, бьюти индустрия, FMCG, дизайн",,,,2,,
https://sun1.beeline-kz.userapi.com/RtL_hVYTrPNaLAtj-oF2zTnhrQQqAmbMGGV0aw/fHcHIAyt408.jpg,2,https://vk.com/id81559567,Виктор Шипилов,"Создание, ведение, аудит сообществ, настройка рассылок, интеграция с приложениями ВК.
Чат-боты и автоворонки. Разработка стратегии продвижения. Консультация бесплатно",Сертифицированный,"Инфобизнес, e-commerce, услуги",,да,да,"1, 2",,10 000
https://sun9-60.userapi.com/c846320/v846320472/1d62f2/Mt4Ml6TKoEM.jpg,3,https://vk.com/iburattino,ВКонтакте для магазинов,Приложение для магазинов,,,,,да,2,,
https://sun9-52.userapi.com/c850720/v850720969/73956/5l6w0S6QFQs.jpg,2,https://vk.com/id28654045,Владислав Артемьев,"Я специалист по настройке таргетированной рекламы и ведению сообществ. Использую ситуативный подход к работе. Применяю инфоповоды и внедряю их клиенту. Пока вы ищите лучшее предложение на рынке, между нами тает лид =)",Сертифицированный,"Авто, Доставка еды, HoReCa, Красота и здоровье",,да,нет,1,,30 000
https://sun9-16.userapi.com/c851036/v851036965/59bf8/ZWiIGbSWyh0.jpg,3,https://vk.com/gmunpro,Гамаюн,"Сервис рассылок сообщений.
Что можно сделать с его помощью:
-Создать платные подписки и принимать платежи
-Настроить автоворонку (автоматизированный алгоритм общения с посетителями группы/паблика)
-Легко сконструировать мультилендинг",,,,,,2,,
https://sun9-17.userapi.com/c851036/v851036965/59bf1/lbTrDuBgsN8.jpg,2,https://vk.com/id1150856,Глеб Чудецкий,"Занимаюсь SMM более 10 лет, успел поработать с бизнесами направлений B2C и B2B. Понимаю, как интегрируется SMM в общую маркетинговую стратегию компании. Полностью разрабатываю SMM-стратегию: аналитика, идеи, рекомендуемые инструменты, бюджет и тайминг. Создаю контент любого уровня сложности (один или в команде). Веду рекламные кампании, также работаю с аудиториями ретаргетинга.",Сертифицированный,"HoReCa, IT, FMCG",,да,да,"1, 2",,30 000
https://sun9-38.userapi.com/c852124/v852124831/eaa90/5IUJrTwm6uo.jpg,2,https://vk.com/id17636835,Гор Чатикян,Настройка рекламы на целевую аудиторию. Настройка рассылки сообщений. Контент-план на неделю/месяц. Консультации по работе с рекламным кабинетом и парсерами для сбора аудиторий.,Сертифицированный,"Инфобизнес, Красота и здоровье, Retail",,нет,да,2,,15 000
https://sun9-72.userapi.com/c848616/v848616010/e13c3/cHoGlUJVJOk.jpg,2,https://vk.com/id452130811,Даниил Кузьминых,"Я занимаюсь настройкой таргетированной рекламы в соцсетях вот уже 5 лет, за все время работы накопил много разнообразных кейсов. Я справлюсь с любой рекламной кампанией в соц.сетях, либо верну деньги.",Сертифицированный,"Мероприятия, Инфобизнес, Дом и ремонт",,да,,1,,
https://sun9-49.userapi.com/c854020/v854020874/4996a/q4d75tapAGs.jpg,2,https://vk.com/id18063239,Денис Глушенков,"Предприниматель, специалист по привлечению клиентов из интернета для бизнеса. Подробнее обо мне: https://vk.com/digital_marketing_by_den",Сертифицированный,"Дети и родители, Красота и здоровье, Образование, Инфобизнес",,да,да,"1, 2",,15 000
https://sun9-6.userapi.com/c846523/v846523133/1f3a36/L1SYJKM8jGA.jpg,2,https://vk.com/id134937315,Иван Зернюков,Обладаю всеми навыками полноценного SMM-специалиста: - Ведение - Копирайтинг - Дизайн - Менеджмент - Таргетинг. Большую часть времени занимался и занимаюсь творческими мероприятиями.,Сертифицированный,"Мероприятия, Еда, Работа с брендами, Развлечения",,нет,да,2,,30 000
https://sun9-34.userapi.com/c844320/v844320510/147146/cZD2ZjUT5HY.jpg,2,https://vk.com/id6938352,Кірыл Паўлючкоў,"Маркетинг с гарантией результата после пробного периода. Занимаюсь таргетированной рекламой с 2017 года. За 2 года поработал с более чем 60 проектами, суммарно освоил рекламного бюджета на 1,5 млн рублей, 3 клиента работают со мной уже больше года, 40+ отзывов о моем труде. Заходите на страницу — пообщаемся :)",Сертифицированный,"Дети и родители, Красота и здоровье, Недвижимость",,да,да,"1, 2",,15 000
https://sun9-13.userapi.com/c856016/v856016643/22136/IcBYVNakrI8.jpg,1,https://artlu.ru/,КРА Артлу,"Мы придумываем яркие концепции для продвижения. У нас есть четкое понимание, как и где найти ваших клиентов. Мы сами реализуем и полностью контролируем рекламные кампании, а затем подтверждаем результаты цифрами в отчетах.",Сертифицированное,"Недвижимость, Авто, Услуги, Красота и здоровье, Развлечения",,да,да,"1, 2",,20 000
https://sun9-9.userapi.com/c851036/v851036965/59bea/tEMb4rZG15A.jpg,2,https://vk.com/id8005421,Ксения Адекова,"Опыт работы с таргетированной рекламой — три года. Настраиваю и провожу рекламные кампании, начиная с подбора целевых аудиторий и заканчивая аналитикой. Также создаю креативы для объявлений, тестирую их на разные аудитории, управляю ставками и бюджетом.",Сертифицированный,"B2B, Красота и здоровье, Образование",,да,,1,,15 000
https://sun9-61.userapi.com/c846520/v846520010/1567be/UhMm-zO3-qc.jpg,2,https://vk.com/id156214959,Леонид Николаев,"Занимаюсь SMM более трёх лет. Настраиваю и оформляю сообщества ВКонаткте, подключаю рассылки и создаю автоворонки, а также настраиваю и запускаю таргетированную рекламу.",Сертифицированный,"Одежда и обувь, Инфобизнес, Музыка",,да,,1,,
https://sun9-11.userapi.com/c846019/v846019510/141e3e/U7ewLW9sxoU.jpg,2,https://vk.com/id104486991,Макс Кошелев,"Моя специализация — таргетированная реклама ВКонтакте: настройка, полное сопровождение и достижение желаемых результатов ваших рекламных кампаний, а также их постоянная поддержка и обновление.",Сертифицированный,"Мероприятия, Образование, Работа с брендами",,да,нет,1,,50 000
https://sun9-7.userapi.com/c856520/v856520766/34b61/U0F_BX70kz0.jpg,2,https://vk.com/maksimbushmelev,Максим Бушмелев,"Практикующий специалист по SMM продвижению и Лидогенерации трафика в социальных сетях с 2014 года. Более 80 выполненных проектов. Свыше 3 000 000 рублей реализованного рекламного бюджета. Опыт работы с бюджетами от 40 000 рублей в неделю, до 200 000 рублей в месяц.",Сертифицированный,"Еда, инфобизнес, бьюти индустрия",,,,1,,
https://sun9-23.userapi.com/c850128/v850128856/10951e/s6-nqqJQckY.jpg,2,https://vk.com/id214828,Марианна Белькова,"Создаю группы, настраиваю автоворонки и руковожу командой таргетологов. Так же обучаю smm-специалистов и частных лиц SMM и таргету. Экс руководитель ипотечного управления , в недвижимости с 2003 года, в smm- с 2010",Сертифицированный,"Недвижимость, Строительство, Банки",,да,нет,1,,30 000
https://sun9-23.userapi.com/c849120/v849120208/cefa9/hYxYs2nQfn8.jpg,1,http://www.sarafan.bz/launch/,Маркетинговое агентство Sarafan,"C 2013 года мы приводим людей из интернета в точки продаж. Работаем исключительно с регионами. Понимаем мышление региональных покупателей, используем работающие в регионах рекламные стратегии.",,Оффлайн ритейл,,да,нет,1,,100 000
https://sun9-50.userapi.com/c845122/v845122510/14dab4/wX7ePNz8lcc.jpg,3,http://www.mlg.ru/,Медиалогия,Медиалогия – лидер в области онлайн решений для мониторинга и анализа социальных сетей и СМИ. Круглосуточный мониторинг более 100 млн сообщений в сутки .,,,,,,"2, 8",,
https://sun9-57.userapi.com/c855636/v855636831/e997/WpXbUXRy9s4.jpg,2,https://vk.com/id74202411,Михаил Плотников,"Разрабатываю креативную стратегию продвижения в соц.сетях. Специализируюсь на таргете, копирайтинге, и упаковке.",Сертифицированный,"Медицина, Красота, Спорт, Образование",,да,нет,1,,5 000
https://sun9-29.userapi.com/c851036/v851036965/59bdc/NPz3rVaFUhw.jpg,3,https://www.moysklad.ru/,МойСклад,"МойСклад позволяет автоматизировать процесс публикации и обновления ваших торговых предложений.

МойСклад - это:
• Управление продажами и закупками;
• Полноценный складской учет;
• Работа с клиентской базой (CRM);
• Контроль взаиморасчетов;
• Автоматизация торговых точек;
• Печать необходимых документов.",,,,,,2,,
https://sun9-18.userapi.com/c853628/v853628235/1623d0/Zm_VKUOUMIg.jpg,2,https://vk.com/ekb_am,Наталья Василенко,"Я занимаюсь настройкой таргетированной рекламы в соц. сетях, дизайном и упаковкой сообществ ВК. Специализируюсь на продвижении малого бизнеса. Помогаю предпринимателям зарабатывать больше с помощью соц. сетей.",,"Авто, Товары и услуги, Дизайн и интерьер",,,,"1,2",,15 000
https://sun9-28.userapi.com/c850524/v850524357/5da88/ggR-IPDt6MA.jpg,2,https://vk.com/id139318324,Никита Гомзиков,"Опыт в SMM более 5 лет, с таргетированной рекламой работаю более 2 лет. Хорошо разбираюсь в построении взаимодействия с аудиторией, создании эффективных креативов для любой задачи или нативной рекламы.",Сертифицированный,"Авто, Красота и здоровье, Развлечения",,нет,да,2,,5 000
https://sun9-53.userapi.com/c851036/v851036965/59bd5/YQ8mtE8a4H8.jpg,2,https://vk.com/id81902784,Озод Сидиков,Комплексное продвижение в соцсетях: запуск таргетированной рекламы и ведение сообществ. Также специализируюсь на лидогенерации — получении заявок от клиентов через сообщения сообщества и «Форму сбора заявок».,Сертифицированный,"Туризм, Недвижимость, Спортивные товары и услуги",,да,да,"1, 2",,5 000
https://sun9-21.userapi.com/c844417/v844417010/1541ae/W5aE7stLt_I.jpg,2,https://vk.com/id6562879,Ольга Вяткина,Настраиваю таргетированную рекламу ВКонтакте на федеральном и локальном уровне. Более трёх лет в SMM. Помогу также в оформлении продающего сообщества и в наполнении контентом.,Сертифицированный,"Образование, IT, СМИ",,да,,1,,5 000
https://sun9-9.userapi.com/c849332/v849332010/e80ad/jz3AQ2nr2QU.jpg,2,https://vk.com/id137863811,Ольга Петухова,"Разрабатываю стратегию продвижения, основываясь на модели маркетингого планирования SOSTAC, которую я адаптировала под социальные сети. На основе глубокого анализа составляется контент-план и выделяются сегменты для таргетированой рекламы. 
 Анализирую конкурентов и оптимизирую рекламные кампании для наибольшего результата за тот же бюджет.",Сертифицированный,"Красота, Спорт, FMCG",,да,,1,,10 000
https://sun9-37.userapi.com/c850624/v850624309/59e0c/-t44dijzYak.jpg,1,http://procontext.ru/,ПроКонтекст,"Агентство, специализирующееся на разработке систем автоматизации рекламных кампаний для крупных рекламодателей",Сертифицированное,"Электроника, E-commerce, Недвижимость",,да,нет,1,нет,100 000
https://sun9-66.userapi.com/c852128/v852128138/19e6e9/yWElCzY52c8.jpg,1,http://advgroup.ru/,Рекламная группа АДВ,"АДВ — ведущая рекламная группа России, партнёр международных холдингов IPG и Havas. Группа АДВ — это коллаборация экспертов в области технологий, медиа, маркетинговой стратегии и креатива. Мы создаем команды людей с общими целями и получаем вдохновляющие бизнес-результаты для брендов.",Сертифицированное,"FMCG, Телеком, Авто, Фарма, Финансы и банки",,да,да,"1, 2",,2 000 000
https://sun9-37.userapi.com/c850624/v850624309/59e13/5o60zTLTyT4.jpg,1,https://www.realweb.ru/,Риалвеб,Интернет-агентство. На рынке интернет-рекламы и веб-разработок с 1998 года. За это время нами был накоплен огромный опыт и глубокое понимание технологий работы в сети.,Сертифицированное,"Недвижимость, FMCG, Е-commerce",,да,да,"1, 2",,100 000
https://sun9-44.userapi.com/c854120/v854120688/cc1d3/JIwork91d48.jpg,2,https://vk.com/nikulin.roman,Роман Никулин,Настройка таргетированной рекламы ВКонтакте Привлечение клиентов из соцсетей Разработка стратегии для продвижения в соцсетях Лидогенерация для инфобизнеса Консультации по продвижению и позиционированию в соцсетях,Сертифицированный,"Инфобизнес, Еда, Услуги",,да,да,"1, 2",,15 000
https://sun9-20.userapi.com/c847019/v847019133/1f20c7/FhnePB0pmZs.jpg,2,https://vk.com/id6729305,Роман Самбаров,"Опыт работы с таргетированной рекламой — три года. Настраиваю и провожу рекламные кампании, начиная с подбора целевых аудиторий и заканчивая аналитикой. Также создаю креативы для объявлений, тестирую их на разные аудитории",Сертифицированный,Мероприятия,,да,да,"1, 2",,15 000
https://sun9-35.userapi.com/c854420/v854420455/be7fd/jeVp3_zRdIo.jpg,2,https://vk.com/id3079367,Руслан Солкан ,"Занимаюсь продвижением бизнеса с помощью таргетированной рекламы Вконтакте с 2015 года. Опыт работы с бюджетом 1 млн. руб/месяц. В работе использую парсеры, автоматизированные системы управления ставками.",Сертифицированный,"E-commerce, Услуги, Инфобизнес",,да,,,,30 000
https://sun9-43.userapi.com/c851524/v851524693/1545f2/-E2iPl1puf4.jpg,2,https://vk.com/id28973733,Рустам Ягудин,"Комплексное продвижение бизнеса: контент, оформление, таргетированная реклама",Сертифицированный,"Услуги, Retail, E-commerce",,да,да,"1, 2",,15 000
https://sun9-32.userapi.com/c852020/v852020853/17f058/Ge6AXZjD5zc.jpg,1,http://siteactiv.ru/?utm_source=vk&utm_medium=special&utm_campaign=fromvk,СайтАктив,"Компания ""СайтАктив"" была организована в 2006 году В Екатеринбурге. Оказываем услуги интернет-продвижения: SEO, SMM, контекстная реклама, разработка сайтов и в комплексе.",Для малого бизнеса,"Авто, Услуги, Телеком, B2B, Образовательная сфера, Услуги, Фитнес-клубы и спорт, Товары для детей",,да,да,"1, 2",,30 000
https://sun9-40.userapi.com/c855616/v855616909/5d677/Q2va3EH61_E.jpg,2,https://vk.com/id8438905,Светлана Харламова,"Консультации по настройке таргетированной рекламы, сегментирование ЦА, анализ конкурентов",Сертифицированный,"Красота, Товары, Развлечения",,да,нет,1,,
https://sun1.beeline-kz.userapi.com/f9YbnH_w1knCSx34yTS3MG0ISy4pYiyNHsJ55Q/GJln3FI2lIE.jpg,2,https://vk.com/id8796190,Сергей Ахатчиков,"Таргетированная реклама, ретаргетинг, лидогенерация, таргет под KPI",Сертифицированный,"Рестораны, Туризм, Образование",,да,нет,1,,30 000
/images/biz/partners_blank.jpg,2,https://vk.com/forgetarget,Сергей Гордиенко,"Занимаюсь таргетированной рекламой с 2014 года. В наличии 40+ оформленных кейсов. Работаю над маркетингом в соц.сетях, начиная от анализа конкурентов и сегментации аудитории до полной маркетинговой стратегии в соц.сетях",Сертифицированный,"Инфобизнес, Услуги, Товары",,,,1,,15 000
https://sun9-24.userapi.com/c851036/v851036965/59bce/8AXo565vWIA.jpg,2,https://vk.com/id316374163,Сергей Сабитов,"Опыт работы с таргетированной рекламой — три года. Настраиваем и проводим рекламные кампании, начиная с подбора целевых аудиторий и заканчивая аналитикой и помощью в выстраивании воронки. Специализируемся на проектах из сферы онлайн-обучения. Регулярно продвигаем проекты с бюджетами от 1 млн рублей в месяц и умеем эффективно работать на объемах от 500-1000 лидов в день.",Сертифицированный,"Инфобизнес, Мероприятия, Образование",,да,,1,,100 000
https://sun9-71.userapi.com/c849028/v849028856/15efbe/rU0WVsiUIZ4.jpg,2,https://vk.com/id19879804,Сергей Шарыгин,"Инфобизнес связанный с недвижимостью, психологией. Квесты, нестандартные квесты, квест франшизы. Stand Up концерты, выступления.",Сертифицированный,"Недвижимость, Мероприятия, Развлечения",,да,нет,1,,300 000
https://sun9-69.userapi.com/c851036/v851036965/59bc0/820AkVrFz2c.jpg,3,https://vkontakte.store/,Товары ВКонтакте,Приложение для массового редактирования товаров ВКонтакте.,,,,,,2,,
https://sun9-7.userapi.com/c851036/v851036965/59bb9/eVRWjgs-XGI.jpg,3,https://vk.com/turboparser,Турбо.Парсер,"Турбо.Парсер - удобный сервис для организаторов совместных покупок, который позволяет за несколько минут скопировать (спарсить) товары с интернет-магазина поставщика. Товары можно сразу автоматически выгрузить в социальные сети (ВКонтакте и Одноклассники) и настроить их автоматическое обновление, а также скачать их в файле XLS (Excel) и CSV в нужном вам виде для последующей загрузки на сайт или форум совместных покупок. Сервис полностью автоматизирован.",,,,,,,,
https://sun9-10.userapi.com/c854120/v854120688/cc1da/Bgw0JS6gP4s.jpg,2,https://vk.com/petrovafi,Фира Петрова,"Таргетированная реклама для детских центров , кружков и занятий. Стараюсь дать максимальный результат для клиентов. Моя главная цель чтобы мои услуги окупались и приносили доход клиенту для долгого сотрудничиства.",Сертифицированный,"Детские занятия, Салоны красоты, Танцы",,да,нет,1,,15 000
https://sun9-35.userapi.com/c850624/v850624309/59df7/uMFdt69EGcQ.jpg,1,http://trafficformula.ru/,Формула трафика,Лидогенерация. Привлечение клиентов с оплатой за результат. Интернет продвижение. Создание сайтов. Интернет-магазинов. Внедрение CRM систем. Создание и ведение групп и аккаунтов. Выстраивание автоматических воронок продаж.,Сертифицированное,"Франшизы, Недвижимость, Медицина",,да,нет,1,нет,15 000
https://sun9-43.userapi.com/c848532/v848532510/d58af/KMYIbuQorTg.jpg,3,церебро.рф,Церебро Таргет,"Церебро — это инструмент, который следит за всеми действиями пользователей ВКонтакте. И Вы можете получить его для настройки самой эффективной рекламы.
Кроме доступа к инструменту, пользователи получают обучающие программы и маркетинговое сопровождение от наших специалистов в клиентской группе.",,,,,,1,,
https://sun9-19.userapi.com/c850336/v850336600/14fd38/OVsPvhbeL9o.jpg,2,https://vk.com/id421442983,Эдуард Маршал,"Провожу полный комплекс по созданию, продвижению, администрированию сообщества: дизайн, контент-планирование, построение воронки продаж, создание чат-ботов, геймификация и таргет любой сложности. ",Сертифицированный,"Сервисные центры, HoReCa, Мероприятия",,да,да,"1, 2",,15 000
https://sun9-49.userapi.com/c845419/v845419510/14cdef/mnrtU9RWwtg.jpg,2,https://vk.com/id4844992,Яна Рыжая,"Занимаюсь SMM с 2015 года. Продвигаю сообщества с помощью таргетированной рекламы и контента. С удовольствием занимаюсь внедрением рассылок и воронок продаж. Специализируюсь на сфере юридических услуг, экстремальных видах спорта, но готова рассматривать любые интересные проекты. Максимальный бюджет с которым приходилось работать 3 000 000 рублей в месяц, минимальный 10 000 рублей в месяц.",Сертифицированный,"Юриспруденция, Экстримальный туризм, Спорт",,да,да,"1, 2",,15 000
https://sun9-32.userapi.com/c846521/v846521510/13ed6f/Pd6Q0aZJvxg.jpg,2,https://vk.com/id11826309,Ярослав Зиновьев,"Настраиваю таргетированную рекламу с 2015 года. Диплом гос.вуза по специальности ""Реклама"". Опыт продвижения товаров и услуг в самых разнообразных нишах.
 Своим клиентам, кроме самой настройки, предлагаю еще ЧЕТЫРЕ дополнительных бонуса:
 1. Бесплатно консультирую и помогаю развивать их коммерческие ВК-сообщества
 2. Консультирую, кому интересно, по развитию личного бренда
 3. И еще два секретных бонуса)",Сертифицированный,"Дети и родители, FMCG, Продвижение личного бренда",,да,нет,1,,
,,,,,,,,,,,,
​,,,,,,,,,,,,